tag,count
china,337
us,174
covid19,58
xinjiang,39
un,27
afghanistan,21
chinese,20
japan,20
russia,20
vaccine,18
eu,17
humanrights,17
pakistan,17
uk,17
cpc,16
asean,15
who,15
taiwan,14
multilateralism,13
vaccines,13
afghan,11
australia,11
hongkong,11
africa,10
canada,10
japanese,9
myanmar,9
fortdetrick,8
middleeast,8
pompeo,8
climateprotection,7
iran,7
pandemic,7
sinopharm,7
syria,7
unitedstates,7
unsc,7
75unga,6
african,6
arab,6
bri,6
europe,6
iraq,6
jcpoa,6
3c,5
beijing,5
cuba,5
fukushima,5
guiyang,5
malta,5
muslims,5
palestine,5
southchinasea,5
wha,5
brics,4
etim,4
israel,4
lavrov,4
libya,4
unga,4
unitednations,4
wto,4
wwii,4
xijinping,4
american,3
australian,3
climate,3
covax,3
covid,3
cpec,3
democracy,3
finland,3
france,3
globalization,3
india,3
overseas,3
pla,3
taliban,3
tanzania,3
uae,3
america,2
angola,2
bci,2
british,2
cambodia,2
ceec,2
cgtn,2
chilean,2
coronavirus,2
cpc100,2
fbi,2
fiveeyes,2
focac,2
forcedlabor,2
g7,2
german,2
germany,2
guilin,2
henan,2
huawei,2
hubei,2
journalists,2
kabul,2
lao,2
maltese,2
media,2
muslim,2
olympicgames,2
originstracing,2
pakistani,2
palestinian,2
peace,2
protectionism,2
racism,2
rok,2
russian,2
sichuan,2
southafrica,2
srilanka,2
sustainabledevelopment,2
sweden,2
taikonauts,2
tepco,2
unhrc,2
uyghur,2
venezuela,2
virus,2
wangyi,2
wef,2
western,2
wuhan,2
yemen,2
zambia,2
100cpcstories,1
2021twosessions,1
21stcentury,1
5g,1
6c,1
6novembre,1
6th,1
acyls,1
acylsers,1
ambassador,1
americafirst,1
americans,1
april,1
armstradetreaty,1
ashgabat,1
asia,1
asian,1
asianamericans,1
asians,1
assange,1
astop,1
atlanta,1
au,1
aukus,1
austrian,1
bangladesh,1
bbc,1
bcm,1
benin,1
blinken,1
botswana,1
brazil,1
britain,1
bwc,1
canadian,1
canberra,1
carbonneutrality,1
carbonpeak,1
caribbean,1
centralasia,1
chaplin,1
chengdu,1
chineseamericans,1
chineseculturalobjects,1
chinesedream,1
chinesenewyear,1
chongqing,1
cicpe,1
cina,1
climateambitionsummit,1
cnsa,1
co2,1
coc,1
coldwar,1
colonialism,1
colorado,1
confrontation,1
confucius,1
cooperation,1
coronavac,1
covidvaccines,1
cptpp,1
cuban,1
cyberspace,1
dailynews,1
datasecurity,1
davosagenda,1
derechoshumanos,1
diaoyudao,1
digitalization,1
discrimination,1
diversity,1
doublestandard,1
drc,1
drcongo,1
dssi,1
dyk,1
earthday,1
ecological,1
ecuadorian,1
edwardsnowden,1
egypt,1
egyptian,1
epidemic,1
españa,1
ethiopia,1
eurasia,1
european,1
evali,1
exportcontrollaw,1
faceshields,1
finnish,1
firstcommittee,1
french,1
fruitful,1
g20,1
gabon,1
genocide,1
georgefloyd,1
goggles,1
greatbarrierreef,1
green,1
guam,1
guangzhou,1
guineaecuatorial,1
gwadar,1
happynewyear,1
harrisonforman,1
hatem,1
havana,1
hawaii,1
healthcertificates,1
healthsilkroad,1
helsinkispirit,1
hk,1
hokusai,1
hrc,1
hsbc,1
humanity,1
humanright,1
iaea,1
inclusiveness,1
indian,1
indonesia,1
innovation,1
international,1
ipgovernance,1
ipr,1
iranian,1
iraqi,1
irish,1
ironbrothers,1
italia,1
julianassange,1
kaunda,1
kazakhstan,1
klimawandel,1
korean,1
kotnis,1
lancang,1
laos,1
las,1
latinamerica,1
latinamerican,1
lithuania,1
masks,1
mekong,1
mozambique,1
multilateral,1
mutualrespect,1
namibian,1
nativeamerican,1
nativeindians,1
newstart,1
niger,1
nigeria,1
nmpa,1
nuclear,1
openingup,1
openskiestreaty,1
p5,1
pacific,1
pakistanday,1
papuanewguinea,1
parisagreement,1
parispeaceforum,1
peru,1
philippine,1
philippines,1
png,1
poland,1
policy,1
povertyalleviation,1
prc,1
protectivegowns,1
qnd2020,1
quetta,1
ryanair,1
safety,1
sanctions,1
secpompeo,1
securitycouncil,1
serbian,1
seychelles,1
shanghai,1
shenzhou12,1
shoppingtime,1
silkroadeconomicbelt,1
simba,1
singaporean,1
snow,1
solidarity,1
somalia,1
southafrican,1
spring,1
springvaccinationprogram,1
stability,1
stolengenerations,1
taiwanstrait,1
thelionking,1
tianjin,1
trumpadministration,1
tulsa,1
turkmenistan,1
unclos,1
unesco,1
unhrc47,1
uruguayan,1
uyghurs,1
vaccination,1
waltermondale,1
washingtondc,1
wastewater,1
westwardexpansion,1
whiteaustraliapolicy,1
worldhealthorganization,1
wwi,1
yanan,1
zhongshansuit,1
zhurong,1
εορτασμό,1
κομφούκιος,1
